id,Title,Year,Poster
1,transform Awesome envisioneer,1972,https://picsum.photos/182/268/?image=378
2,Colorado Internal Philippines,1996,https://picsum.photos/182/268/?image=785
3,Mouse backing up Coves,1971,https://picsum.photos/182/268/?image=542
4,Functionality quantify Intelligent,2011,https://picsum.photos/182/268/?image=592
5,Gorgeous Gibraltar Pound SCSI,1945,https://picsum.photos/182/268/?image=116
6,hacking benchmark compress,1939,https://picsum.photos/182/268/?image=275
7,utilize Berkshire synergize,2011,https://picsum.photos/182/268/?image=613
8,platforms,1952,https://picsum.photos/182/268/?image=950
9,navigate Integrated,1932,https://picsum.photos/182/268/?image=66
10,override,2008,https://picsum.photos/182/268/?image=350
11,rich Manager Generic Plastic Towels,1981,https://picsum.photos/182/268/?image=329
12,robust,2001,https://picsum.photos/182/268/?image=780
13,Integrated Metal bypass,2017,https://picsum.photos/182/268/?image=328
14,primary Maine,2006,https://picsum.photos/182/268/?image=606
15,Sleek Cotton,2002,https://picsum.photos/182/268/?image=627
16,microchip Gardens Connecticut,1996,https://picsum.photos/182/268/?image=53
17,Dynamic Steel Jewelery,1998,https://picsum.photos/182/268/?image=333
18,reboot Moroccan Dirham Tools,1926,https://picsum.photos/182/268/?image=416
19,solutions matrix,1974,https://picsum.photos/182/268/?image=44
20,circuit Pula Director,1978,https://picsum.photos/182/268/?image=419
21,Enhanced solid state,2002,https://picsum.photos/182/268/?image=484
22,Auto Loan Account,2018,https://picsum.photos/182/268/?image=673
23,deposit,1948,https://picsum.photos/182/268/?image=657
24,deploy Shore Buckinghamshire,1978,https://picsum.photos/182/268/?image=333
25,turn-key,1989,https://picsum.photos/182/268/?image=651
26,Gorgeous Concrete Mouse GB payment,1959,https://picsum.photos/182/268/?image=578
27,deposit Australian Dollar parsing,1942,https://picsum.photos/182/268/?image=576
28,revolutionary invoice,1943,https://picsum.photos/182/268/?image=255
29,Borders Group Legacy,1931,https://picsum.photos/182/268/?image=665
30,Ports,1943,https://picsum.photos/182/268/?image=781
31,Research,1940,https://picsum.photos/182/268/?image=282
32,integrated Auto Loan Account,2003,https://picsum.photos/182/268/?image=140
33,sky blue wireless stable,1928,https://picsum.photos/182/268/?image=832
34,Legacy Unbranded Steel Computer,2002,https://picsum.photos/182/268/?image=34
35,driver Minnesota Chair,2006,https://picsum.photos/182/268/?image=344
36,Kids web-readiness client-driven,1981,https://picsum.photos/182/268/?image=89
37,hierarchy,1954,https://picsum.photos/182/268/?image=491
38,Movies,1979,https://picsum.photos/182/268/?image=868
39,connect,1960,https://picsum.photos/182/268/?image=556
40,National Synergized,1935,https://picsum.photos/182/268/?image=791
41,bleeding-edge Hawaii Designer,1930,https://picsum.photos/182/268/?image=149
42,firewall empower bypass,1949,https://picsum.photos/182/268/?image=776
43,Savings Account invoice,1967,https://picsum.photos/182/268/?image=746
44,bandwidth,1980,https://picsum.photos/182/268/?image=823
45,Bosnia and Herzegovina Movies Tajikistan,2015,https://picsum.photos/182/268/?image=59
46,Marketing,1939,https://picsum.photos/182/268/?image=868
47,encryption Buckinghamshire,1949,https://picsum.photos/182/268/?image=559
48,multimedia Vision-oriented,1958,https://picsum.photos/182/268/?image=86
49,Australian Dollar platforms,2003,https://picsum.photos/182/268/?image=794
50,mobile Intelligent,1921,https://picsum.photos/182/268/?image=47
51,full-range,1991,https://picsum.photos/182/268/?image=612
52,Buckinghamshire,1980,https://picsum.photos/182/268/?image=728
53,tan Agent sensor,1960,https://picsum.photos/182/268/?image=350
54,Indiana,1947,https://picsum.photos/182/268/?image=971
55,Plastic compressing,1935,https://picsum.photos/182/268/?image=827
56,Greenland Generic Soft Car National,1959,https://picsum.photos/182/268/?image=868
57,Investment Account,2011,https://picsum.photos/182/268/?image=132
58,SMS Marketing bi-directional,2001,https://picsum.photos/182/268/?image=161
59,cross-platform e-tailers,1944,https://picsum.photos/182/268/?image=950
60,Handmade Fresh Bacon Home Cambridgeshire,2010,https://picsum.photos/182/268/?image=547
61,schemas Checking Account,2016,https://picsum.photos/182/268/?image=815
62,Wooden,2001,https://picsum.photos/182/268/?image=375
63,interface,1980,https://picsum.photos/182/268/?image=876
64,Fresh Principal backing up,1959,https://picsum.photos/182/268/?image=868
65,channels Dynamic Connecticut,1928,https://picsum.photos/182/268/?image=786
66,Sausages Borders,1961,https://picsum.photos/182/268/?image=196
67,navigating Coordinator deliverables,1973,https://picsum.photos/182/268/?image=577
68,Cheese Concrete niches,1991,https://picsum.photos/182/268/?image=653
69,bypass Unbranded throughput,2014,https://picsum.photos/182/268/?image=771
70,Customer,1944,https://picsum.photos/182/268/?image=609
71,North Dakota Keyboard Investment Account,2002,https://picsum.photos/182/268/?image=402
72,array,1920,https://picsum.photos/182/268/?image=528
73,Director,1987,https://picsum.photos/182/268/?image=874
74,pixel granular firewall,1953,https://picsum.photos/182/268/?image=534
75,protocol,1957,https://picsum.photos/182/268/?image=710
76,virtual,1977,https://picsum.photos/182/268/?image=382
77,Bolivia,2011,https://picsum.photos/182/268/?image=54
78,encryption standardization,2013,https://picsum.photos/182/268/?image=833
79,navigating Games Ball,1970,https://picsum.photos/182/268/?image=637
80,visualize Sports,1921,https://picsum.photos/182/268/?image=165
81,Associate Intranet TCP,1932,https://picsum.photos/182/268/?image=902
82,Markets Handmade,2018,https://picsum.photos/182/268/?image=784
83,Licensed quantifying,2012,https://picsum.photos/182/268/?image=773
84,PCI Tuna invoice,1935,https://picsum.photos/182/268/?image=474
85,Personal Loan Account Integrated Grocery,1951,https://picsum.photos/182/268/?image=557
86,Borders,1936,https://picsum.photos/182/268/?image=30
87,Handcrafted parse calculating,2014,https://picsum.photos/182/268/?image=757
88,Security,2019,https://picsum.photos/182/268/?image=577
89,metrics Cambridgeshire generate,1959,https://picsum.photos/182/268/?image=337
90,niches Implementation Specialist,1923,https://picsum.photos/182/268/?image=940
91,Awesome Cotton Sausages,1984,https://picsum.photos/182/268/?image=322
92,haptic,1976,https://picsum.photos/182/268/?image=386
93,multi-byte,2004,https://picsum.photos/182/268/?image=357
94,Sierra Leone,1965,https://picsum.photos/182/268/?image=277
95,programming Analyst,1950,https://picsum.photos/182/268/?image=780
96,innovative,2014,https://picsum.photos/182/268/?image=973
97,RAM,1983,https://picsum.photos/182/268/?image=859
98,zero defect,1920,https://picsum.photos/182/268/?image=434
99,revolutionary,2013,https://picsum.photos/182/268/?image=191
100,background Republic of Korea,1945,https://picsum.photos/182/268/?image=183
101,Enterprise-wide Checking Account hierarchy,1956,https://picsum.photos/182/268/?image=959
102,back up,1935,https://picsum.photos/182/268/?image=488
103,portal web-readiness,1960,https://picsum.photos/182/268/?image=908
104,Response Grocery Licensed,1934,https://picsum.photos/182/268/?image=963
105,quantifying Burundi Franc Direct,1921,https://picsum.photos/182/268/?image=798
106,back up,1956,https://picsum.photos/182/268/?image=495
107,Paradigm Expanded Small Metal Keyboard,1920,https://picsum.photos/182/268/?image=790
108,Shore Coordinator Refined,2001,https://picsum.photos/182/268/?image=467
109,Credit Card Account Secured Fish,1952,https://picsum.photos/182/268/?image=531
110,Direct Assistant Metal,2010,https://picsum.photos/182/268/?image=296
111,hack UIC-Franc Fantastic Steel Bike,1981,https://picsum.photos/182/268/?image=128
112,Functionality,1967,https://picsum.photos/182/268/?image=884
113,cross-platform,2012,https://picsum.photos/182/268/?image=172
114,open-source archive,1974,https://picsum.photos/182/268/?image=768
115,Integration virtual Investment Account,1952,https://picsum.photos/182/268/?image=43
116,Wyoming invoice Inverse,1948,https://picsum.photos/182/268/?image=564
117,Computers Fantastic Intranet,1977,https://picsum.photos/182/268/?image=613
118,Consultant orange,1979,https://picsum.photos/182/268/?image=559
119,Intelligent,1965,https://picsum.photos/182/268/?image=520
120,engage,1950,https://picsum.photos/182/268/?image=219
121,Computer,1995,https://picsum.photos/182/268/?image=508
122,Outdoors Computers,1972,https://picsum.photos/182/268/?image=290
123,Industrial,1936,https://picsum.photos/182/268/?image=961
124,maximize,1960,https://picsum.photos/182/268/?image=182
125,turquoise,2001,https://picsum.photos/182/268/?image=513
126,withdrawal,1935,https://picsum.photos/182/268/?image=215
127,Future,1956,https://picsum.photos/182/268/?image=437
128,digital,1950,https://picsum.photos/182/268/?image=633
129,withdrawal customized Rubber,1996,https://picsum.photos/182/268/?image=345
130,mesh recontextualize Granite,1930,https://picsum.photos/182/268/?image=511
131,Licensed,1982,https://picsum.photos/182/268/?image=883
132,Handcrafted Money Market Account Credit Card Account,1994,https://picsum.photos/182/268/?image=895
133,Books IB United States Minor Outlying Islands,1988,https://picsum.photos/182/268/?image=511
134,Michigan Concrete,1935,https://picsum.photos/182/268/?image=405
135,New Caledonia pixel,1997,https://picsum.photos/182/268/?image=620
136,Handcrafted open-source Unbranded Wooden Bike,1939,https://picsum.photos/182/268/?image=27
137,interface Delaware Small,1942,https://picsum.photos/182/268/?image=952
138,Surinam Dollar function,1957,https://picsum.photos/182/268/?image=98
139,Sausages XML indigo,1994,https://picsum.photos/182/268/?image=32
140,Licensed HDD,1986,https://picsum.photos/182/268/?image=437
141,Sausages,1920,https://picsum.photos/182/268/?image=790
142,tan,2006,https://picsum.photos/182/268/?image=954
143,Officer,1941,https://picsum.photos/182/268/?image=350
144,quantify,2007,https://picsum.photos/182/268/?image=733
145,interactive transmitting partnerships,1923,https://picsum.photos/182/268/?image=700
146,New Jersey,1943,https://picsum.photos/182/268/?image=867
147,Jewelery,1941,https://picsum.photos/182/268/?image=914
148,payment Customer-focused,1981,https://picsum.photos/182/268/?image=303
149,e-tailers Berkshire,2015,https://picsum.photos/182/268/?image=365
150,Implemented,2006,https://picsum.photos/182/268/?image=28
151,Electronics Money Market Account,2005,https://picsum.photos/182/268/?image=515
152,Officer parse,1981,https://picsum.photos/182/268/?image=581
153,leading edge Anguilla,1945,https://picsum.photos/182/268/?image=30
154,Nebraska,1969,https://picsum.photos/182/268/?image=869
155,Maine target world-class,1976,https://picsum.photos/182/268/?image=409
156,Quality,1989,https://picsum.photos/182/268/?image=648
157,encompassing,1930,https://picsum.photos/182/268/?image=224
158,Iran Wisconsin,1976,https://picsum.photos/182/268/?image=60
159,needs-based methodologies primary,1979,https://picsum.photos/182/268/?image=530
160,schemas Executive syndicate,1946,https://picsum.photos/182/268/?image=443
161,neural,1985,https://picsum.photos/182/268/?image=530
162,architectures transmit,1987,https://picsum.photos/182/268/?image=995
163,Barbados Dollar Incredible,1946,https://picsum.photos/182/268/?image=534
164,Tuna Curve,2012,https://picsum.photos/182/268/?image=161
165,Cambridgeshire Inlet,1935,https://picsum.photos/182/268/?image=678
166,Skyway application,1981,https://picsum.photos/182/268/?image=643
167,Bike,1974,https://picsum.photos/182/268/?image=105
168,Cambridgeshire,2017,https://picsum.photos/182/268/?image=940
169,grey microchip Baby,2018,https://picsum.photos/182/268/?image=842
170,Reverse-engineered,1986,https://picsum.photos/182/268/?image=601
171,JBOD,2002,https://picsum.photos/182/268/?image=610
172,partnerships matrix,1932,https://picsum.photos/182/268/?image=323
173,violet,1979,https://picsum.photos/182/268/?image=458
174,Tunnel back-end,1971,https://picsum.photos/182/268/?image=743
175,wireless TCP Chair,1942,https://picsum.photos/182/268/?image=869
176,input supply-chains,1923,https://picsum.photos/182/268/?image=360
177,Kwanza compressing human-resource,2016,https://picsum.photos/182/268/?image=121
178,deposit,1989,https://picsum.photos/182/268/?image=989
179,exuding Centralized,1934,https://picsum.photos/182/268/?image=503
180,Sausages,1990,https://picsum.photos/182/268/?image=330
181,CSS,2000,https://picsum.photos/182/268/?image=891
182,Sports e-business Car,2015,https://picsum.photos/182/268/?image=792
183,benchmark teal implement,1968,https://picsum.photos/182/268/?image=745
184,Illinois Auto Loan Account withdrawal,1960,https://picsum.photos/182/268/?image=9
185,Drives override transform,2019,https://picsum.photos/182/268/?image=194
186,navigating,1929,https://picsum.photos/182/268/?image=657
187,Cross-platform lavender deposit,1931,https://picsum.photos/182/268/?image=520
188,turquoise Cambridgeshire,1921,https://picsum.photos/182/268/?image=323
189,Grocery withdrawal Baby,1993,https://picsum.photos/182/268/?image=446
190,Cambridgeshire,1933,https://picsum.photos/182/268/?image=469
191,red,1955,https://picsum.photos/182/268/?image=494
192,Forward,1929,https://picsum.photos/182/268/?image=828
193,Auto Loan Account Practical,1983,https://picsum.photos/182/268/?image=567
194,Games mint green backing up,1994,https://picsum.photos/182/268/?image=728
195,time-frame analyzing interfaces,1948,https://picsum.photos/182/268/?image=254
196,turquoise,2005,https://picsum.photos/182/268/?image=723
197,synthesize Avon Extension,1996,https://picsum.photos/182/268/?image=874
198,Rubber,1938,https://picsum.photos/182/268/?image=978
199,project,1969,https://picsum.photos/182/268/?image=36
200,Planner Myanmar,1997,https://picsum.photos/182/268/?image=942
201,Applications,1925,https://picsum.photos/182/268/?image=388
202,Tasty Wooden Chicken Strategist hacking,2006,https://picsum.photos/182/268/?image=872
203,back up,2014,https://picsum.photos/182/268/?image=615
204,Sports Hawaii,1924,https://picsum.photos/182/268/?image=634
205,Central,1978,https://picsum.photos/182/268/?image=830
206,solutions array logistical,1953,https://picsum.photos/182/268/?image=72
207,Lead Hawaii mobile,1997,https://picsum.photos/182/268/?image=430
208,Integration Club,1993,https://picsum.photos/182/268/?image=416
209,transmitter Global,1957,https://picsum.photos/182/268/?image=751
210,granular e-markets Technician,1987,https://picsum.photos/182/268/?image=280
211,Savings Account multi-byte Buckinghamshire,1961,https://picsum.photos/182/268/?image=613
212,Brunei Dollar Honduras Steel,1923,https://picsum.photos/182/268/?image=638
213,Baby,1961,https://picsum.photos/182/268/?image=414
214,CSS,1953,https://picsum.photos/182/268/?image=710
215,Enterprise-wide haptic,1957,https://picsum.photos/182/268/?image=887
216,e-enable web services copy,2002,https://picsum.photos/182/268/?image=18
217,transmitting Universal,1927,https://picsum.photos/182/268/?image=146
218,ADP,1967,https://picsum.photos/182/268/?image=367
219,parse Markets Future,1971,https://picsum.photos/182/268/?image=971
220,Forges,1952,https://picsum.photos/182/268/?image=465
221,AGP fuchsia Libyan Dinar,1960,https://picsum.photos/182/268/?image=772
222,Steel,1949,https://picsum.photos/182/268/?image=573
223,Industrial Home Loan Account solid state,2018,https://picsum.photos/182/268/?image=108
224,Borders,2005,https://picsum.photos/182/268/?image=929
225,payment,2019,https://picsum.photos/182/268/?image=566
226,Unbranded Metal Cheese neural compelling,2011,https://picsum.photos/182/268/?image=829
227,calculating,1990,https://picsum.photos/182/268/?image=905
228,Investment Account,1978,https://picsum.photos/182/268/?image=700
229,background Generic invoice,1924,https://picsum.photos/182/268/?image=45
230,regional cross-platform Licensed Plastic Computer,2001,https://picsum.photos/182/268/?image=456
231,Micronesia Front-line,2019,https://picsum.photos/182/268/?image=783
232,Cambridgeshire,1972,https://picsum.photos/182/268/?image=835
233,driver,1938,https://picsum.photos/182/268/?image=40
234,Port,1979,https://picsum.photos/182/268/?image=361
235,Borders hack,1924,https://picsum.photos/182/268/?image=784
236,Pakistan,1957,https://picsum.photos/182/268/?image=243
237,Indiana Handcrafted,1946,https://picsum.photos/182/268/?image=249
238,Soft Global,1951,https://picsum.photos/182/268/?image=285
239,monetize connecting,1949,https://picsum.photos/182/268/?image=99
240,SMTP,1938,https://picsum.photos/182/268/?image=754
241,software,1965,https://picsum.photos/182/268/?image=201
242,Enhanced virtual,2014,https://picsum.photos/182/268/?image=366
243,leading-edge,2007,https://picsum.photos/182/268/?image=117
244,5th generation Computers,1995,https://picsum.photos/182/268/?image=17
245,extend Tennessee,1974,https://picsum.photos/182/268/?image=505
246,Integration Licensed,2009,https://picsum.photos/182/268/?image=263
247,compress Denmark blue,1938,https://picsum.photos/182/268/?image=729
248,index,1967,https://picsum.photos/182/268/?image=345
249,Sausages,1944,https://picsum.photos/182/268/?image=782
250,PCI,1936,https://picsum.photos/182/268/?image=640
251,Rustic Awesome Fresh Shoes,1941,https://picsum.photos/182/268/?image=918
252,moderator Ohio withdrawal,1959,https://picsum.photos/182/268/?image=891
253,mobile,1981,https://picsum.photos/182/268/?image=107
254,scalable zero tolerance application,1941,https://picsum.photos/182/268/?image=275
255,Industrial,1943,https://picsum.photos/182/268/?image=944
256,Nebraska incubate,1936,https://picsum.photos/182/268/?image=35
257,Norway Tactics,2004,https://picsum.photos/182/268/?image=432
258,real-time calculate Directives,1999,https://picsum.photos/182/268/?image=178
259,Mauritius Rupee Generic,2005,https://picsum.photos/182/268/?image=532
260,Russian Federation,1977,https://picsum.photos/182/268/?image=906
261,invoice,2006,https://picsum.photos/182/268/?image=611
262,contingency,1973,https://picsum.photos/182/268/?image=727
263,Toys mint green,1955,https://picsum.photos/182/268/?image=807
264,Frozen,1961,https://picsum.photos/182/268/?image=19
265,Money Market Account,1920,https://picsum.photos/182/268/?image=542
266,Planner system,2007,https://picsum.photos/182/268/?image=236
267,Liberia,1974,https://picsum.photos/182/268/?image=23
268,Berkshire Awesome,2018,https://picsum.photos/182/268/?image=854
269,driver Land,1937,https://picsum.photos/182/268/?image=970
270,Outdoors back-end,1958,https://picsum.photos/182/268/?image=113
271,implementation,2016,https://picsum.photos/182/268/?image=225
272,concept Chips United Kingdom,1965,https://picsum.photos/182/268/?image=536
273,Auto Loan Account innovate,1933,https://picsum.photos/182/268/?image=108
274,focus group Avon Steel,1966,https://picsum.photos/182/268/?image=198
275,Computer Computers,1968,https://picsum.photos/182/268/?image=719
276,wireless withdrawal Small,1987,https://picsum.photos/182/268/?image=384
277,attitude-oriented benchmark,1955,https://picsum.photos/182/268/?image=931
278,Cambridgeshire Burundi Franc alarm,1990,https://picsum.photos/182/268/?image=622
279,Bike Massachusetts Clothing,1964,https://picsum.photos/182/268/?image=671
280,visualize Practical,1969,https://picsum.photos/182/268/?image=523
281,Plastic Frozen,2007,https://picsum.photos/182/268/?image=964
282,Practical Massachusetts transmitting,2013,https://picsum.photos/182/268/?image=148
283,Nuevo Sol,1933,https://picsum.photos/182/268/?image=249
284,Soft,1993,https://picsum.photos/182/268/?image=984
285,Health magenta,2006,https://picsum.photos/182/268/?image=107
286,JBOD ROI,1954,https://picsum.photos/182/268/?image=603
287,application paradigms override,1968,https://picsum.photos/182/268/?image=497
288,back-end,1963,https://picsum.photos/182/268/?image=787
289,Tunnel,1975,https://picsum.photos/182/268/?image=773
290,hack Table Afghani,1939,https://picsum.photos/182/268/?image=331
291,Surinam Dollar Auto Loan Account,1960,https://picsum.photos/182/268/?image=653
292,Luxembourg invoice array,1941,https://picsum.photos/182/268/?image=558
293,port,1956,https://picsum.photos/182/268/?image=155
294,feed Persevering backing up,1989,https://picsum.photos/182/268/?image=988
295,Gorgeous zero administration,1945,https://picsum.photos/182/268/?image=988
296,morph Auto Loan Account,1999,https://picsum.photos/182/268/?image=131
297,Money Market Account monetize invoice,2002,https://picsum.photos/182/268/?image=2
298,Prairie calculate,1928,https://picsum.photos/182/268/?image=431
299,Burundi Franc,1923,https://picsum.photos/182/268/?image=930
300,Washington gold Producer,1944,https://picsum.photos/182/268/?image=788
301,Kwanza Avon Ranch,2003,https://picsum.photos/182/268/?image=754
302,Money Market Account Grenada solid state,1974,https://picsum.photos/182/268/?image=954
303,Triple-buffered Music,1957,https://picsum.photos/182/268/?image=956
304,Maine Georgia Gorgeous Metal Tuna,1942,https://picsum.photos/182/268/?image=263
305,Auto Loan Account haptic,1920,https://picsum.photos/182/268/?image=850
306,green Saint Vincent and the Grenadines input,2000,https://picsum.photos/182/268/?image=134
307,Consultant,2010,https://picsum.photos/182/268/?image=7
308,Montserrat Concrete,1920,https://picsum.photos/182/268/?image=363
309,Keyboard,1944,https://picsum.photos/182/268/?image=811
310,exuding Robust transmitting,1983,https://picsum.photos/182/268/?image=157
311,Toys Iran,1993,https://picsum.photos/182/268/?image=377
312,Human,1943,https://picsum.photos/182/268/?image=297
313,applications,1976,https://picsum.photos/182/268/?image=735
314,Tactics,1941,https://picsum.photos/182/268/?image=325
315,Ergonomic,1926,https://picsum.photos/182/268/?image=176
316,pixel,1992,https://picsum.photos/182/268/?image=644
317,Soft,2008,https://picsum.photos/182/268/?image=811
318,Tasty reintermediate iterate,1953,https://picsum.photos/182/268/?image=430
319,District background,1969,https://picsum.photos/182/268/?image=7
320,Saint Lucia Sausages Cotton,1976,https://picsum.photos/182/268/?image=182
321,Illinois,2005,https://picsum.photos/182/268/?image=742
322,firewall approach,1925,https://picsum.photos/182/268/?image=304
323,Soap SDR,2011,https://picsum.photos/182/268/?image=316
324,Architect coherent HDD,1921,https://picsum.photos/182/268/?image=479
325,Computer,1932,https://picsum.photos/182/268/?image=324
326,multi-byte,1973,https://picsum.photos/182/268/?image=674
327,reboot hardware Sleek Plastic Bacon,1945,https://picsum.photos/182/268/?image=727
328,Trafficway Pennsylvania auxiliary,1937,https://picsum.photos/182/268/?image=740
329,ADP compressing GB,1959,https://picsum.photos/182/268/?image=99
330,primary Nebraska Rubber,1973,https://picsum.photos/182/268/?image=239
331,Clothing cultivate Tools,2013,https://picsum.photos/182/268/?image=88
332,programming green open-source,2013,https://picsum.photos/182/268/?image=170
333,flexibility Rubber lime,1973,https://picsum.photos/182/268/?image=445
334,Chicken programming Small,1965,https://picsum.photos/182/268/?image=159
335,Refined,1955,https://picsum.photos/182/268/?image=243
336,Massachusetts vortals,1952,https://picsum.photos/182/268/?image=603
337,Honduras 1080p Games,1943,https://picsum.photos/182/268/?image=582
338,Pants Indian Rupee Auto Loan Account,1981,https://picsum.photos/182/268/?image=53
339,hierarchy Washington Avon,1931,https://picsum.photos/182/268/?image=920
340,Checking Account Avon,2009,https://picsum.photos/182/268/?image=643
341,SMTP Handmade online,1965,https://picsum.photos/182/268/?image=991
342,microchip digital,1998,https://picsum.photos/182/268/?image=151
343,deliver web services application,1948,https://picsum.photos/182/268/?image=947
344,bluetooth mobile,1927,https://picsum.photos/182/268/?image=816
345,invoice quantify,1932,https://picsum.photos/182/268/?image=821
346,invoice,1951,https://picsum.photos/182/268/?image=796
347,Rustic Plastic Sausages Incredible Uzbekistan Sum,1963,https://picsum.photos/182/268/?image=296
348,scalable Saint Helena viral,1927,https://picsum.photos/182/268/?image=67
349,support Rustic Plastic Ball,1922,https://picsum.photos/182/268/?image=274
350,invoice Officer Coves,2003,https://picsum.photos/182/268/?image=513
351,Rhode Island wireless parse,1945,https://picsum.photos/182/268/?image=722
352,Gorgeous hacking SMS,1929,https://picsum.photos/182/268/?image=77
353,Tuna system,1938,https://picsum.photos/182/268/?image=507
354,maroon Producer,1964,https://picsum.photos/182/268/?image=775
355,generate tan,1993,https://picsum.photos/182/268/?image=144
356,Sleek Wooden Car input Infrastructure,1975,https://picsum.photos/182/268/?image=512
357,Fresh SSL North Korean Won,1954,https://picsum.photos/182/268/?image=704
358,Optimized,1982,https://picsum.photos/182/268/?image=15
359,payment invoice Orchestrator,1927,https://picsum.photos/182/268/?image=514
360,heuristic AI,1973,https://picsum.photos/182/268/?image=543
361,Bouvet Island (Bouvetoya) Florida,2017,https://picsum.photos/182/268/?image=91
362,Program,1952,https://picsum.photos/182/268/?image=421
363,back up connect,1950,https://picsum.photos/182/268/?image=877
364,bi-directional,1975,https://picsum.photos/182/268/?image=310
365,methodology projection,2002,https://picsum.photos/182/268/?image=469
366,View,2015,https://picsum.photos/182/268/?image=71
367,Brand Keys Architect,1984,https://picsum.photos/182/268/?image=68
368,partnerships Fantastic Rubber Bacon Corporate,1948,https://picsum.photos/182/268/?image=146
369,New York Plastic Program,1940,https://picsum.photos/182/268/?image=109
370,Avon Tuna,1993,https://picsum.photos/182/268/?image=404
371,schemas,1972,https://picsum.photos/182/268/?image=782
372,JBOD magenta,2014,https://picsum.photos/182/268/?image=879
373,Tasty Fresh Hat,2002,https://picsum.photos/182/268/?image=157
374,disintermediate,1977,https://picsum.photos/182/268/?image=967
375,Security,1990,https://picsum.photos/182/268/?image=694
376,Health Graphic Interface,1921,https://picsum.photos/182/268/?image=152
377,Refined Plastic Shirt input,2001,https://picsum.photos/182/268/?image=56
378,front-end Checking Account,1996,https://picsum.photos/182/268/?image=439
379,proactive Borders Solutions,1994,https://picsum.photos/182/268/?image=378
380,Tuna ADP,2011,https://picsum.photos/182/268/?image=183
381,SCSI Gloves Place,1976,https://picsum.photos/182/268/?image=994
382,calculating,2016,https://picsum.photos/182/268/?image=624
383,partnerships,1987,https://picsum.photos/182/268/?image=751
384,Central Extended convergence,1949,https://picsum.photos/182/268/?image=109
385,wireless Nevada Future-proofed,1950,https://picsum.photos/182/268/?image=593
386,channels,1941,https://picsum.photos/182/268/?image=850
387,process improvement Fresh,1921,https://picsum.photos/182/268/?image=77
388,paradigms Vision-oriented Accounts,2001,https://picsum.photos/182/268/?image=194
389,Croatian Kuna Applications Maryland,1951,https://picsum.photos/182/268/?image=51
390,Credit Card Account Handmade Administrator,2019,https://picsum.photos/182/268/?image=151
391,Global Bedfordshire Operations,1947,https://picsum.photos/182/268/?image=736
392,COM Nicaragua Bacon,1962,https://picsum.photos/182/268/?image=874
393,drive UAE Dirham,1924,https://picsum.photos/182/268/?image=119
394,compressing e-business Directives,1978,https://picsum.photos/182/268/?image=918
395,Implemented Greece withdrawal,1961,https://picsum.photos/182/268/?image=286
396,Quetzal Program Maine,1985,https://picsum.photos/182/268/?image=460
397,productize auxiliary,1933,https://picsum.photos/182/268/?image=367
398,Croatia Garden,1971,https://picsum.photos/182/268/?image=85
399,Bike,1969,https://picsum.photos/182/268/?image=443
400,Turks and Caicos Islands collaboration,2019,https://picsum.photos/182/268/?image=286
401,deposit,1961,https://picsum.photos/182/268/?image=701
402,Practical Rubber Fish Kiribati Lek,1988,https://picsum.photos/182/268/?image=928
403,Kids,1962,https://picsum.photos/182/268/?image=765
404,monetize,2002,https://picsum.photos/182/268/?image=900
405,Leone,1942,https://picsum.photos/182/268/?image=867
406,payment Refined Cotton Pizza parsing,2004,https://picsum.photos/182/268/?image=987
407,infomediaries,1966,https://picsum.photos/182/268/?image=196
408,azure,1954,https://picsum.photos/182/268/?image=323
409,architect,1980,https://picsum.photos/182/268/?image=607
410,New York,1949,https://picsum.photos/182/268/?image=751
411,web-readiness Designer,1972,https://picsum.photos/182/268/?image=886
412,transmit Analyst Electronics,1960,https://picsum.photos/182/268/?image=194
413,Strategist SMS parsing,1944,https://picsum.photos/182/268/?image=620
414,leading-edge Home Loan Account,1925,https://picsum.photos/182/268/?image=728
415,Licensed Wooden Cheese olive Product,1928,https://picsum.photos/182/268/?image=233
416,Legacy Cameroon scalable,1942,https://picsum.photos/182/268/?image=458
417,sky blue,1940,https://picsum.photos/182/268/?image=26
418,Cotton,1958,https://picsum.photos/182/268/?image=176
419,San Marino solution-oriented Path,1995,https://picsum.photos/182/268/?image=335
420,Fresh viral Total,1995,https://picsum.photos/182/268/?image=859
421,Avon,1944,https://picsum.photos/182/268/?image=521
422,Colombian Peso Unidad de Valor Real program,1959,https://picsum.photos/182/268/?image=18
423,modular,1961,https://picsum.photos/182/268/?image=678
424,Metal,1922,https://picsum.photos/182/268/?image=916
425,Bridge,1972,https://picsum.photos/182/268/?image=195
426,Integration Producer,1978,https://picsum.photos/182/268/?image=566
427,Planner,2008,https://picsum.photos/182/268/?image=326
428,intuitive,1935,https://picsum.photos/182/268/?image=50
429,Facilitator,1998,https://picsum.photos/182/268/?image=659
430,Tasty Switchable,1937,https://picsum.photos/182/268/?image=67
431,COM Rubber Cambridgeshire,1977,https://picsum.photos/182/268/?image=916
432,redundant,1973,https://picsum.photos/182/268/?image=110
433,software architect,1984,https://picsum.photos/182/268/?image=414
434,open-source Euro Frozen,1965,https://picsum.photos/182/268/?image=138
435,Refined,1994,https://picsum.photos/182/268/?image=429
436,pixel HDD Health,1992,https://picsum.photos/182/268/?image=610
437,Organized,2012,https://picsum.photos/182/268/?image=596
438,generating Branding Australian Dollar,2016,https://picsum.photos/182/268/?image=124
439,infrastructures input,1943,https://picsum.photos/182/268/?image=339
440,incubate Credit Card Account,2003,https://picsum.photos/182/268/?image=31
441,virtual object-oriented 1080p,1959,https://picsum.photos/182/268/?image=687
442,architecture,1920,https://picsum.photos/182/268/?image=445
443,Iceland Krona,1963,https://picsum.photos/182/268/?image=321
444,Plastic deliverables,1976,https://picsum.photos/182/268/?image=159
445,Prairie Garden,1985,https://picsum.photos/182/268/?image=319
446,cross-platform,2011,https://picsum.photos/182/268/?image=852
447,Avenue capacitor Clothing,2019,https://picsum.photos/182/268/?image=440
448,Avon,1956,https://picsum.photos/182/268/?image=145
449,transmitter Rand Loti neutral,2008,https://picsum.photos/182/268/?image=271
450,grey,1990,https://picsum.photos/182/268/?image=4
451,bandwidth transition Pizza,1943,https://picsum.photos/182/268/?image=527
452,portal Brand,2013,https://picsum.photos/182/268/?image=587
453,Corporate Soft,1959,https://picsum.photos/182/268/?image=182
454,calculate 1080p,2002,https://picsum.photos/182/268/?image=254
455,deposit XML,1996,https://picsum.photos/182/268/?image=602
456,Borders Oklahoma Oklahoma,1999,https://picsum.photos/182/268/?image=531
457,Savings Account Azerbaijan,1970,https://picsum.photos/182/268/?image=67
458,Metal,1949,https://picsum.photos/182/268/?image=163
459,Organized,1979,https://picsum.photos/182/268/?image=64
460,Mississippi GB Tajikistan,1956,https://picsum.photos/182/268/?image=801
461,Wooden open architecture Wooden,1949,https://picsum.photos/182/268/?image=952
462,invoice,2003,https://picsum.photos/182/268/?image=352
463,Small Frozen Hat,2004,https://picsum.photos/182/268/?image=907
464,deposit Village,1959,https://picsum.photos/182/268/?image=392
465,Central black Brunei Darussalam,1995,https://picsum.photos/182/268/?image=233
466,Pants product background,1941,https://picsum.photos/182/268/?image=576
467,rich Yuan Renminbi,1953,https://picsum.photos/182/268/?image=742
468,Soft hacking groupware,1931,https://picsum.photos/182/268/?image=362
469,harness Pants Chips,1975,https://picsum.photos/182/268/?image=829
470,Borders copy,1966,https://picsum.photos/182/268/?image=882
471,Vermont,1936,https://picsum.photos/182/268/?image=762
472,Ergonomic Steel Chair Granite,1954,https://picsum.photos/182/268/?image=440
473,Montana,1927,https://picsum.photos/182/268/?image=299
474,Virgin Islands U.S. dynamic,2019,https://picsum.photos/182/268/?image=372
475,hard drive Salad Programmable,2011,https://picsum.photos/182/268/?image=816
476,tangible XSS 1080p,2014,https://picsum.photos/182/268/?image=165
477,indexing Down-sized Buckinghamshire,1939,https://picsum.photos/182/268/?image=663
478,compress,1972,https://picsum.photos/182/268/?image=201
479,Tasty Fresh Cheese matrix,1943,https://picsum.photos/182/268/?image=485
480,CFA Franc BEAC Baby,1929,https://picsum.photos/182/268/?image=361
481,Pennsylvania neural,1982,https://picsum.photos/182/268/?image=227
482,Brooks,2014,https://picsum.photos/182/268/?image=882
483,Investment Account,2007,https://picsum.photos/182/268/?image=646
484,pink Computers Generic,1959,https://picsum.photos/182/268/?image=909
485,Hollow Regional,2016,https://picsum.photos/182/268/?image=852
486,Refined Liaison,1927,https://picsum.photos/182/268/?image=302
487,well-modulated hacking transmit,2012,https://picsum.photos/182/268/?image=870
488,enterprise circuit,1962,https://picsum.photos/182/268/?image=504
489,Avon Toys Comoro Franc,2000,https://picsum.photos/182/268/?image=686
490,Bedfordshire Congolese Franc Tasty Fresh Towels,2000,https://picsum.photos/182/268/?image=146
491,Alabama Borders,1988,https://picsum.photos/182/268/?image=65
492,Implementation,1956,https://picsum.photos/182/268/?image=935
493,navigating,1932,https://picsum.photos/182/268/?image=125
494,channels,1937,https://picsum.photos/182/268/?image=538
495,HDD Iceland Krona,1924,https://picsum.photos/182/268/?image=978
496,Virtual Programmable,1931,https://picsum.photos/182/268/?image=714
497,Pizza Centralized teal,1951,https://picsum.photos/182/268/?image=521
498,Home Loan Account,1985,https://picsum.photos/182/268/?image=554
499,next generation,1979,https://picsum.photos/182/268/?image=353
500,auxiliary syndicate,2007,https://picsum.photos/182/268/?image=878
501,end-to-end Chief bypass,1937,https://picsum.photos/182/268/?image=369
502,invoice,1939,https://picsum.photos/182/268/?image=136
503,back up SAS Avon,1980,https://picsum.photos/182/268/?image=418
504,dedicated Texas,2009,https://picsum.photos/182/268/?image=154
505,1080p,1933,https://picsum.photos/182/268/?image=28
506,e-business Creative,1989,https://picsum.photos/182/268/?image=47
507,CSS global,1966,https://picsum.photos/182/268/?image=88
508,virtual,1936,https://picsum.photos/182/268/?image=842
509,generate,1964,https://picsum.photos/182/268/?image=78
510,feed RSS,1984,https://picsum.photos/182/268/?image=652
511,extranet system-worthy orchid,1991,https://picsum.photos/182/268/?image=546
512,Infrastructure Branding azure,1993,https://picsum.photos/182/268/?image=106
513,bluetooth Pennsylvania Auto Loan Account,1954,https://picsum.photos/182/268/?image=844
514,Kids,1942,https://picsum.photos/182/268/?image=465
515,hacking Shirt back up,1994,https://picsum.photos/182/268/?image=917
516,Cape Verde Escudo,1978,https://picsum.photos/182/268/?image=403
517,Saint Martin,1957,https://picsum.photos/182/268/?image=947
518,navigate Soft Views,2019,https://picsum.photos/182/268/?image=144
519,Gorgeous Concrete Hat Tennessee deposit,1922,https://picsum.photos/182/268/?image=911
520,black,2015,https://picsum.photos/182/268/?image=845
521,transmitter,1955,https://picsum.photos/182/268/?image=264
522,eyeballs capacity,1963,https://picsum.photos/182/268/?image=390
523,Barbados Savings Account optical,1990,https://picsum.photos/182/268/?image=109
524,SAS Heights,1938,https://picsum.photos/182/268/?image=666
525,Iran sensor,1944,https://picsum.photos/182/268/?image=564
526,Small Steel Tuna payment Frozen,1971,https://picsum.photos/182/268/?image=30
527,pixel,1998,https://picsum.photos/182/268/?image=925
528,mindshare Ergonomic Plastic Towels Branch,1975,https://picsum.photos/182/268/?image=942
529,Kids Producer channels,1979,https://picsum.photos/182/268/?image=358
530,white neural,1967,https://picsum.photos/182/268/?image=982
531,Incredible Frozen Shirt Avon,1943,https://picsum.photos/182/268/?image=49
532,navigate Nevada Dynamic,1992,https://picsum.photos/182/268/?image=670
533,Investor,1967,https://picsum.photos/182/268/?image=778
534,Tools programming,1996,https://picsum.photos/182/268/?image=820
535,Clothing withdrawal,2006,https://picsum.photos/182/268/?image=370
536,Sports Metal,1927,https://picsum.photos/182/268/?image=498
537,feed benchmark Handmade Concrete Table,1923,https://picsum.photos/182/268/?image=537
538,Fundamental Pizza,1929,https://picsum.photos/182/268/?image=195
539,Nigeria,1937,https://picsum.photos/182/268/?image=264
540,TCP,1971,https://picsum.photos/182/268/?image=445
541,Cambridgeshire Regional Practical Plastic Fish,1993,https://picsum.photos/182/268/?image=806
542,auxiliary Rustic Soft Chair Programmable,1974,https://picsum.photos/182/268/?image=276
543,hacking cutting-edge web-enabled,2009,https://picsum.photos/182/268/?image=845
544,Operative Louisiana,1927,https://picsum.photos/182/268/?image=196
545,Avon indexing hacking,1939,https://picsum.photos/182/268/?image=257
546,Enhanced Movies,1947,https://picsum.photos/182/268/?image=589
547,Personal Loan Account Berkshire,1959,https://picsum.photos/182/268/?image=71
548,Practical Soft Pizza Baby,1963,https://picsum.photos/182/268/?image=434
549,database,2011,https://picsum.photos/182/268/?image=445
550,Human,1922,https://picsum.photos/182/268/?image=990
551,Coordinator Streamlined violet,1955,https://picsum.photos/182/268/?image=502
552,harness next-generation,1945,https://picsum.photos/182/268/?image=77
553,Refined Assurance,1955,https://picsum.photos/182/268/?image=309
554,bricks-and-clicks payment,1987,https://picsum.photos/182/268/?image=996
555,Ball Senior Metal,1926,https://picsum.photos/182/268/?image=709
556,connecting,1920,https://picsum.photos/182/268/?image=809
557,mobile,1971,https://picsum.photos/182/268/?image=147
558,instruction set Cloned,2009,https://picsum.photos/182/268/?image=52
559,Music aggregate,2002,https://picsum.photos/182/268/?image=1
560,hard drive upward-trending,1994,https://picsum.photos/182/268/?image=475
561,Libyan Arab Jamahiriya analyzer,1955,https://picsum.photos/182/268/?image=915
562,invoice Corporate transmit,1968,https://picsum.photos/182/268/?image=853
563,Common navigating sensor,1949,https://picsum.photos/182/268/?image=126
564,systematic best-of-breed Computer,1960,https://picsum.photos/182/268/?image=480
565,project,2017,https://picsum.photos/182/268/?image=473
566,content matrix California,2002,https://picsum.photos/182/268/?image=833
567,Sausages Awesome Concrete Computer,1921,https://picsum.photos/182/268/?image=220
568,invoice HTTP Massachusetts,1922,https://picsum.photos/182/268/?image=542
569,calculating,1977,https://picsum.photos/182/268/?image=691
570,Surinam Dollar,1951,https://picsum.photos/182/268/?image=545
571,Auto Loan Account functionalities Guinea-Bissau,1935,https://picsum.photos/182/268/?image=305
572,ability Investment Account Passage,1955,https://picsum.photos/182/268/?image=292
573,Shoes Gorgeous Concrete Gloves Corporate,1921,https://picsum.photos/182/268/?image=785
574,Gloves,1979,https://picsum.photos/182/268/?image=277
575,Ball Vista,1921,https://picsum.photos/182/268/?image=370
576,paradigms open architecture Checking Account,1966,https://picsum.photos/182/268/?image=524
577,bluetooth,1990,https://picsum.photos/182/268/?image=853
578,Avon,1999,https://picsum.photos/182/268/?image=396
579,Facilitator Washington,2010,https://picsum.photos/182/268/?image=269
580,global,2002,https://picsum.photos/182/268/?image=424
581,Common Ameliorated user-centric,1993,https://picsum.photos/182/268/?image=823
582,Administrator,1954,https://picsum.photos/182/268/?image=703
583,Salad,1975,https://picsum.photos/182/268/?image=96
584,Manor,1942,https://picsum.photos/182/268/?image=730
585,Iowa Intelligent,1997,https://picsum.photos/182/268/?image=318
586,Buckinghamshire SSL Berkshire,2017,https://picsum.photos/182/268/?image=612
587,Democratic People's Republic of Korea,1990,https://picsum.photos/182/268/?image=405
588,Maine,1961,https://picsum.photos/182/268/?image=128
589,Argentine Peso Mandatory,2012,https://picsum.photos/182/268/?image=900
590,lime,2017,https://picsum.photos/182/268/?image=981
591,solutions aggregate Generic Wooden Ball,1946,https://picsum.photos/182/268/?image=404
592,Cotton,1983,https://picsum.photos/182/268/?image=321
593,Rubber Plastic,1936,https://picsum.photos/182/268/?image=327
594,GB Land Ameliorated,1995,https://picsum.photos/182/268/?image=250
595,actuating initiatives maroon,1959,https://picsum.photos/182/268/?image=304
596,architectures,1947,https://picsum.photos/182/268/?image=704
597,Colorado Clothing Shirt,1995,https://picsum.photos/182/268/?image=495
598,New York Practical,1921,https://picsum.photos/182/268/?image=957
599,Handmade Rubber Bike optimize Buckinghamshire,1940,https://picsum.photos/182/268/?image=418
600,compress,1935,https://picsum.photos/182/268/?image=932
601,Buckinghamshire,1957,https://picsum.photos/182/268/?image=151
602,port Cliffs robust,2012,https://picsum.photos/182/268/?image=878
603,Incredible Frozen Cheese,2003,https://picsum.photos/182/268/?image=746
604,Vietnam hacking,2015,https://picsum.photos/182/268/?image=584
605,Research Chicken Concrete,2013,https://picsum.photos/182/268/?image=333
606,input Fresh Regional,1930,https://picsum.photos/182/268/?image=351
607,Movies,1982,https://picsum.photos/182/268/?image=427
608,XML redundant,1955,https://picsum.photos/182/268/?image=843
609,Stravenue Personal Loan Account XML,1922,https://picsum.photos/182/268/?image=299
610,PCI India Nuevo Sol,1961,https://picsum.photos/182/268/?image=91
611,Hawaii leading edge Intelligent Metal Towels,1942,https://picsum.photos/182/268/?image=816
612,Intelligent Borders synergistic,1948,https://picsum.photos/182/268/?image=127
613,redundant optical Frozen,1978,https://picsum.photos/182/268/?image=385
614,copy Markets,1935,https://picsum.photos/182/268/?image=881
615,Lead neural invoice,1998,https://picsum.photos/182/268/?image=664
616,International calculating,1998,https://picsum.photos/182/268/?image=628
617,Applications parse Berkshire,2011,https://picsum.photos/182/268/?image=478
618,Legacy Dynamic,1933,https://picsum.photos/182/268/?image=223
619,backing up,1985,https://picsum.photos/182/268/?image=708
620,parse,1960,https://picsum.photos/182/268/?image=51
621,deposit,1970,https://picsum.photos/182/268/?image=946
622,initiative Bedfordshire,1951,https://picsum.photos/182/268/?image=857
623,withdrawal Florida,1949,https://picsum.photos/182/268/?image=866
624,Focused Cotton Tajikistan,1942,https://picsum.photos/182/268/?image=671
625,Checking Account Bedfordshire,1990,https://picsum.photos/182/268/?image=419
626,asynchronous 3rd generation Bedfordshire,1973,https://picsum.photos/182/268/?image=908
627,magnetic,1943,https://picsum.photos/182/268/?image=27
628,Rand Loti,2012,https://picsum.photos/182/268/?image=688
629,Credit Card Account Industrial,1940,https://picsum.photos/182/268/?image=254
630,Computer solid state,1941,https://picsum.photos/182/268/?image=487
631,Direct Virtual,1956,https://picsum.photos/182/268/?image=292
632,payment,1921,https://picsum.photos/182/268/?image=180
633,Paradigm pixel Concrete,1995,https://picsum.photos/182/268/?image=816
634,didactic Handmade Granite Ball THX,1943,https://picsum.photos/182/268/?image=363
635,Personal Loan Account,1933,https://picsum.photos/182/268/?image=364
636,online Refined Wooden Bike Grocery,1992,https://picsum.photos/182/268/?image=112
637,service-desk,2000,https://picsum.photos/182/268/?image=589
638,Orchestrator,1960,https://picsum.photos/182/268/?image=894
639,Engineer,1928,https://picsum.photos/182/268/?image=347
640,redundant markets embrace,1939,https://picsum.photos/182/268/?image=735
641,protocol array,1939,https://picsum.photos/182/268/?image=212
642,mission-critical dot-com,1965,https://picsum.photos/182/268/?image=793
643,deliver user-facing Arizona,1998,https://picsum.photos/182/268/?image=302
644,Electronics,2005,https://picsum.photos/182/268/?image=783
645,Movies communities invoice,1987,https://picsum.photos/182/268/?image=44
646,Bacon,2007,https://picsum.photos/182/268/?image=281
647,hacking,1998,https://picsum.photos/182/268/?image=241
648,deposit invoice,1950,https://picsum.photos/182/268/?image=826
649,Tools,1996,https://picsum.photos/182/268/?image=959
650,Clothing Forward,1935,https://picsum.photos/182/268/?image=621
651,Regional Croatia bypassing,1937,https://picsum.photos/182/268/?image=106
652,compelling,1973,https://picsum.photos/182/268/?image=84
653,blue payment yellow,1981,https://picsum.photos/182/268/?image=328
654,pricing structure,1935,https://picsum.photos/182/268/?image=865
655,Savings Account,1935,https://picsum.photos/182/268/?image=98
656,auxiliary solution Plaza,1924,https://picsum.photos/182/268/?image=827
657,AI,1991,https://picsum.photos/182/268/?image=166
658,quantifying,1938,https://picsum.photos/182/268/?image=130
659,yellow EXE even-keeled,1937,https://picsum.photos/182/268/?image=122
660,Wall,1928,https://picsum.photos/182/268/?image=525
661,supply-chains flexibility,1944,https://picsum.photos/182/268/?image=126
662,calculate,1965,https://picsum.photos/182/268/?image=784
663,turquoise Borders Music,1939,https://picsum.photos/182/268/?image=161
664,navigating convergence,2013,https://picsum.photos/182/268/?image=657
665,Micronesia,1995,https://picsum.photos/182/268/?image=159
666,Crescent Auto Loan Account help-desk,1988,https://picsum.photos/182/268/?image=359
667,parse orchid,1963,https://picsum.photos/182/268/?image=285
668,Singapore bus,2009,https://picsum.photos/182/268/?image=710
669,overriding B2B South Carolina,1962,https://picsum.photos/182/268/?image=49
670,Representative invoice Rustic Wooden Car,1951,https://picsum.photos/182/268/?image=251
671,syndicate Oman,2002,https://picsum.photos/182/268/?image=613
672,client-server Personal Loan Account Wooden,2002,https://picsum.photos/182/268/?image=919
673,De-engineered Frozen Delaware,1982,https://picsum.photos/182/268/?image=284
674,Turnpike,1939,https://picsum.photos/182/268/?image=43
675,withdrawal,2009,https://picsum.photos/182/268/?image=928
676,Jewelery Investment Account demand-driven,2003,https://picsum.photos/182/268/?image=993
677,alarm Texas overriding,1952,https://picsum.photos/182/268/?image=137
678,Reverse-engineered,1993,https://picsum.photos/182/268/?image=327
679,Data,1922,https://picsum.photos/182/268/?image=542
680,compressing,1931,https://picsum.photos/182/268/?image=624
681,Configuration gold Borders,1975,https://picsum.photos/182/268/?image=523
682,synthesize sky blue Tasty Fresh Shirt,1957,https://picsum.photos/182/268/?image=643
683,Advanced,1933,https://picsum.photos/182/268/?image=312
684,National Books Cambridgeshire,1970,https://picsum.photos/182/268/?image=504
685,sensor copy haptic,1960,https://picsum.photos/182/268/?image=242
686,withdrawal Fresh,1933,https://picsum.photos/182/268/?image=687
687,Buckinghamshire Beauty,1964,https://picsum.photos/182/268/?image=275
688,morph Awesome zero tolerance,2019,https://picsum.photos/182/268/?image=506
689,Configurable Fresh,1990,https://picsum.photos/182/268/?image=467
690,Brand e-enable Cambridgeshire,1983,https://picsum.photos/182/268/?image=500
691,navigating Kansas bifurcated,1958,https://picsum.photos/182/268/?image=439
692,hard drive transmitter Riel,1955,https://picsum.photos/182/268/?image=193
693,Programmable system-worthy calculate,1954,https://picsum.photos/182/268/?image=720
694,FTP generating,1976,https://picsum.photos/182/268/?image=87
695,Intelligent Oregon,2001,https://picsum.photos/182/268/?image=189
696,card Home Loan Account Arizona,2005,https://picsum.photos/182/268/?image=526
697,circuit Cotton,1928,https://picsum.photos/182/268/?image=428
698,Berkshire,1982,https://picsum.photos/182/268/?image=567
699,hardware Ergonomic,1986,https://picsum.photos/182/268/?image=673
700,New Hampshire website online,1988,https://picsum.photos/182/268/?image=95
701,Vanuatu Home Loan Account Beauty,1920,https://picsum.photos/182/268/?image=709
702,Wyoming FTP,2012,https://picsum.photos/182/268/?image=636
703,paradigms,2008,https://picsum.photos/182/268/?image=742
704,Forks Regional withdrawal,1920,https://picsum.photos/182/268/?image=113
705,Polarised,1981,https://picsum.photos/182/268/?image=838
706,Avon Forward,1980,https://picsum.photos/182/268/?image=403
707,local wireless,1946,https://picsum.photos/182/268/?image=640
708,Generic Hat,1965,https://picsum.photos/182/268/?image=468
709,Implemented,1924,https://picsum.photos/182/268/?image=694
710,virtual Concrete,1920,https://picsum.photos/182/268/?image=470
711,SAS Summit,1990,https://picsum.photos/182/268/?image=112
712,Global,2017,https://picsum.photos/182/268/?image=696
713,Technician Universal,1970,https://picsum.photos/182/268/?image=271
714,Configurable,2005,https://picsum.photos/182/268/?image=259
715,THX Avon Specialist,2008,https://picsum.photos/182/268/?image=128
716,orchestration,1974,https://picsum.photos/182/268/?image=485
717,transmit Future,1999,https://picsum.photos/182/268/?image=211
718,Licensed Frozen Table CFA Franc BCEAO Norwegian Krone,2016,https://picsum.photos/182/268/?image=116
719,Regional HTTP,1974,https://picsum.photos/182/268/?image=870
720,microchip,1971,https://picsum.photos/182/268/?image=954
721,6th generation Lakes convergence,1926,https://picsum.photos/182/268/?image=540
722,Chilean Peso Unidades de fomento Djibouti Franc,1975,https://picsum.photos/182/268/?image=525
723,Function-based Stand-alone deposit,1955,https://picsum.photos/182/268/?image=726
724,Berkshire invoice Dynamic,1924,https://picsum.photos/182/268/?image=463
725,Investment Account Shirt,1943,https://picsum.photos/182/268/?image=783
726,New Jersey Adaptive,2018,https://picsum.photos/182/268/?image=595
727,technologies connecting morph,1955,https://picsum.photos/182/268/?image=276
728,didactic encompassing alarm,1976,https://picsum.photos/182/268/?image=899
729,Buckinghamshire,1965,https://picsum.photos/182/268/?image=15
730,Parkway black South Dakota,2018,https://picsum.photos/182/268/?image=627
731,intuitive,1995,https://picsum.photos/182/268/?image=139
732,web services SSL Tonga,2002,https://picsum.photos/182/268/?image=422
733,Small Plastic Mouse,1958,https://picsum.photos/182/268/?image=699
734,Digitized analyzer efficient,2011,https://picsum.photos/182/268/?image=873
735,Kina,2006,https://picsum.photos/182/268/?image=838
736,parsing override middleware,1998,https://picsum.photos/182/268/?image=889
737,hacking Berkshire,1961,https://picsum.photos/182/268/?image=798
738,Latvian Lats Saudi Riyal,2019,https://picsum.photos/182/268/?image=716
739,Ergonomic Fresh Salad Dynamic,1978,https://picsum.photos/182/268/?image=110
740,Steel Bedfordshire,1984,https://picsum.photos/182/268/?image=609
741,Kentucky mobile strategy,1973,https://picsum.photos/182/268/?image=961
742,matrix Azerbaijanian Manat China,1932,https://picsum.photos/182/268/?image=264
743,Solomon Islands Research Pound Sterling,1991,https://picsum.photos/182/268/?image=218
744,Human asynchronous,1967,https://picsum.photos/182/268/?image=350
745,Analyst Awesome context-sensitive,1920,https://picsum.photos/182/268/?image=998
746,Consultant Home Loan Account overriding,2010,https://picsum.photos/182/268/?image=977
747,virtual,1957,https://picsum.photos/182/268/?image=475
748,FTP Cotton Soft,1966,https://picsum.photos/182/268/?image=515
749,Central Awesome Metal Gloves invoice,1945,https://picsum.photos/182/268/?image=344
750,interfaces Incredible Fresh Table Coordinator,1996,https://picsum.photos/182/268/?image=82
751,navigate HTTP Refined Soft Gloves,1950,https://picsum.photos/182/268/?image=113
752,synthesizing hybrid,1992,https://picsum.photos/182/268/?image=242
753,Multi-layered,2007,https://picsum.photos/182/268/?image=700
754,Mission District Investor,2019,https://picsum.photos/182/268/?image=275
755,wireless,1999,https://picsum.photos/182/268/?image=351
756,Views,1980,https://picsum.photos/182/268/?image=657
757,open-source,1992,https://picsum.photos/182/268/?image=609
758,SMS teal,2008,https://picsum.photos/182/268/?image=863
759,systemic online,1924,https://picsum.photos/182/268/?image=988
760,quantifying Martinique open-source,1968,https://picsum.photos/182/268/?image=70
761,Washington,1938,https://picsum.photos/182/268/?image=104
762,Bedfordshire yellow aggregate,1967,https://picsum.photos/182/268/?image=400
763,focus group mesh,1926,https://picsum.photos/182/268/?image=624
764,Kids,1978,https://picsum.photos/182/268/?image=663
765,Markets,1952,https://picsum.photos/182/268/?image=761
766,Wyoming,1938,https://picsum.photos/182/268/?image=537
767,transmit generate,1969,https://picsum.photos/182/268/?image=289
768,Programmable Principal Keyboard,1993,https://picsum.photos/182/268/?image=745
769,Quality,2001,https://picsum.photos/182/268/?image=945
770,Soft bricks-and-clicks solid state,1944,https://picsum.photos/182/268/?image=848
771,Street,1965,https://picsum.photos/182/268/?image=627
772,leading edge Fork,1971,https://picsum.photos/182/268/?image=305
773,Rhode Island Awesome Beauty,2019,https://picsum.photos/182/268/?image=686
774,Soft parse,1956,https://picsum.photos/182/268/?image=245
775,Technician Cloned withdrawal,1984,https://picsum.photos/182/268/?image=957
776,Manager Licensed Wooden Ball navigating,1968,https://picsum.photos/182/268/?image=24
777,Ameliorated,1945,https://picsum.photos/182/268/?image=575
778,Savings Account cross-platform,1933,https://picsum.photos/182/268/?image=45
779,Cambridgeshire online,1940,https://picsum.photos/182/268/?image=32
780,input,1968,https://picsum.photos/182/268/?image=825
781,Jewelery,1950,https://picsum.photos/182/268/?image=22
782,Berkshire,2004,https://picsum.photos/182/268/?image=188
783,Executive quantify payment,1948,https://picsum.photos/182/268/?image=770
784,Home Loan Account,2004,https://picsum.photos/182/268/?image=604
785,Legacy,1999,https://picsum.photos/182/268/?image=804
786,withdrawal tertiary haptic,1983,https://picsum.photos/182/268/?image=281
787,Granite Technician,2019,https://picsum.photos/182/268/?image=328
788,product,1964,https://picsum.photos/182/268/?image=214
789,Rustic Cotton Bacon,1954,https://picsum.photos/182/268/?image=42
790,Cambridgeshire,1924,https://picsum.photos/182/268/?image=693
791,transmitter,1965,https://picsum.photos/182/268/?image=900
792,panel,1927,https://picsum.photos/182/268/?image=475
793,Officer Clothing,1943,https://picsum.photos/182/268/?image=729
794,Rubber payment solid state,1944,https://picsum.photos/182/268/?image=800
795,Clothing Cambridgeshire,1982,https://picsum.photos/182/268/?image=879
796,Indiana haptic,1977,https://picsum.photos/182/268/?image=452
797,Personal Loan Account Liaison,1987,https://picsum.photos/182/268/?image=543
798,Iowa,1944,https://picsum.photos/182/268/?image=195
799,Investment Account,1929,https://picsum.photos/182/268/?image=235
800,Specialist asymmetric Savings Account,2009,https://picsum.photos/182/268/?image=463
801,Chief Sleek,1993,https://picsum.photos/182/268/?image=140
802,Croatia Automotive,2001,https://picsum.photos/182/268/?image=839
803,Berkshire Sports Shoal,1989,https://picsum.photos/182/268/?image=377
804,withdrawal Clothing e-tailers,1995,https://picsum.photos/182/268/?image=38
805,Representative,1972,https://picsum.photos/182/268/?image=363
806,Multi-channelled capability optimize,1927,https://picsum.photos/182/268/?image=727
807,Towels,1920,https://picsum.photos/182/268/?image=36
808,Lodge,1988,https://picsum.photos/182/268/?image=438
809,background,2012,https://picsum.photos/182/268/?image=908
810,card Officer invoice,1938,https://picsum.photos/182/268/?image=852
811,auxiliary Tasty Cotton Bacon,1939,https://picsum.photos/182/268/?image=111
812,application,2011,https://picsum.photos/182/268/?image=767
813,secured line,1953,https://picsum.photos/182/268/?image=917
814,Intelligent Rubber,1937,https://picsum.photos/182/268/?image=227
815,Personal Loan Account Architect,2009,https://picsum.photos/182/268/?image=517
816,deploy dedicated Auto Loan Account,1956,https://picsum.photos/182/268/?image=912
817,Awesome Steel Ball Salad,1993,https://picsum.photos/182/268/?image=393
818,Mountain payment Swiss Franc,1988,https://picsum.photos/182/268/?image=62
819,indigo Plastic,1973,https://picsum.photos/182/268/?image=347
820,Optimization Granite,2015,https://picsum.photos/182/268/?image=510
821,AGP,2003,https://picsum.photos/182/268/?image=491
822,RAM,1991,https://picsum.photos/182/268/?image=52
823,Avon Union Automotive,1933,https://picsum.photos/182/268/?image=786
824,Chilean Peso Unidades de fomento,2003,https://picsum.photos/182/268/?image=648
825,cohesive Books overriding,1920,https://picsum.photos/182/268/?image=275
826,solid state visualize,1988,https://picsum.photos/182/268/?image=718
827,implementation Awesome,1978,https://picsum.photos/182/268/?image=909
828,Home Loan Account hub Configuration,1971,https://picsum.photos/182/268/?image=817
829,Gloves reboot,1976,https://picsum.photos/182/268/?image=421
830,Ways software,1952,https://picsum.photos/182/268/?image=787
831,bypassing Borders,1975,https://picsum.photos/182/268/?image=820
832,withdrawal navigating,1948,https://picsum.photos/182/268/?image=268
833,panel open architecture focus group,2004,https://picsum.photos/182/268/?image=417
834,synthesize New Hampshire override,1990,https://picsum.photos/182/268/?image=358
835,withdrawal Agent,1948,https://picsum.photos/182/268/?image=690
836,programming Vermont Producer,1949,https://picsum.photos/182/268/?image=726
837,Quetzal American Samoa Representative,1962,https://picsum.photos/182/268/?image=876
838,orchestrate Alaska,1963,https://picsum.photos/182/268/?image=702
839,migration Cambridgeshire,1975,https://picsum.photos/182/268/?image=322
840,lime Money Market Account,2015,https://picsum.photos/182/268/?image=922
841,synthesizing Concrete,2019,https://picsum.photos/182/268/?image=384
842,Seamless,1978,https://picsum.photos/182/268/?image=340
843,Avon Division,1999,https://picsum.photos/182/268/?image=481
844,black,1997,https://picsum.photos/182/268/?image=870
845,Sleek,1956,https://picsum.photos/182/268/?image=791
846,HDD tan,1978,https://picsum.photos/182/268/?image=499
847,Frozen calculate Outdoors,1923,https://picsum.photos/182/268/?image=96
848,Unbranded Concrete Computer,1990,https://picsum.photos/182/268/?image=973
849,invoice,2009,https://picsum.photos/182/268/?image=340
850,SMTP,1977,https://picsum.photos/182/268/?image=126
851,Avon Branch,1926,https://picsum.photos/182/268/?image=617
852,invoice,1964,https://picsum.photos/182/268/?image=441
853,synthesize Wooden web-enabled,1959,https://picsum.photos/182/268/?image=427
854,migration,2001,https://picsum.photos/182/268/?image=897
855,open-source hard drive,1968,https://picsum.photos/182/268/?image=474
856,Plastic,1927,https://picsum.photos/182/268/?image=801
857,world-class quantifying Cambridgeshire,1948,https://picsum.photos/182/268/?image=542
858,Denmark JSON Aruba,1989,https://picsum.photos/182/268/?image=512
859,Lead bypass West Virginia,1925,https://picsum.photos/182/268/?image=393
860,Steel deliver,1971,https://picsum.photos/182/268/?image=503
861,Metal contingency Cotton,1999,https://picsum.photos/182/268/?image=938
862,Borders Common,1979,https://picsum.photos/182/268/?image=527
863,Table,1922,https://picsum.photos/182/268/?image=597
864,compressing THX,1971,https://picsum.photos/182/268/?image=290
865,United Arab Emirates,1955,https://picsum.photos/182/268/?image=596
866,Auto Loan Account payment monitor,2000,https://picsum.photos/182/268/?image=239
867,synthesize RSS,1951,https://picsum.photos/182/268/?image=93
868,quantifying fuchsia,1984,https://picsum.photos/182/268/?image=388
869,array Arkansas,2003,https://picsum.photos/182/268/?image=360
870,zero defect Sausages,1974,https://picsum.photos/182/268/?image=445
871,deposit transmit,1958,https://picsum.photos/182/268/?image=485
872,wireless PNG teal,1936,https://picsum.photos/182/268/?image=117
873,mesh Armenian Dram,1956,https://picsum.photos/182/268/?image=678
874,Streets Computer,1921,https://picsum.photos/182/268/?image=209
875,cultivate Assistant clear-thinking,1989,https://picsum.photos/182/268/?image=216
876,AI,1933,https://picsum.photos/182/268/?image=903
877,solutions networks,2008,https://picsum.photos/182/268/?image=279
878,Berkshire seamless dot-com,1927,https://picsum.photos/182/268/?image=385
879,Metrics,1993,https://picsum.photos/182/268/?image=992
880,Health Bahraini Dinar,2015,https://picsum.photos/182/268/?image=220
881,input,2011,https://picsum.photos/182/268/?image=300
882,Strategist,1979,https://picsum.photos/182/268/?image=156
883,Plain,2005,https://picsum.photos/182/268/?image=560
884,grey Unbranded,2006,https://picsum.photos/182/268/?image=164
885,Tactics Turkmenistan,1936,https://picsum.photos/182/268/?image=78
886,Officer,1949,https://picsum.photos/182/268/?image=339
887,Concrete Liaison,2007,https://picsum.photos/182/268/?image=773
888,Personal Loan Account index,1957,https://picsum.photos/182/268/?image=554
889,XML Lilangeni,2012,https://picsum.photos/182/268/?image=610
890,mission-critical,1927,https://picsum.photos/182/268/?image=740
891,Fresh supply-chains,1974,https://picsum.photos/182/268/?image=603
892,Steel Haven Plastic,1960,https://picsum.photos/182/268/?image=394
893,harness Rubber Games,2002,https://picsum.photos/182/268/?image=894
894,internet solution,1981,https://picsum.photos/182/268/?image=759
895,Wooden Handmade Granite Computer empower,2000,https://picsum.photos/182/268/?image=357
896,Architect,1977,https://picsum.photos/182/268/?image=382
897,Direct,2019,https://picsum.photos/182/268/?image=649
898,South Dakota Investment Account bypass,1967,https://picsum.photos/182/268/?image=561
899,e-markets Dynamic hard drive,1990,https://picsum.photos/182/268/?image=344
900,card Adaptive transmit,1973,https://picsum.photos/182/268/?image=194
901,quantify,1986,https://picsum.photos/182/268/?image=871
902,program Park,2005,https://picsum.photos/182/268/?image=297
903,Plastic pink GB,1945,https://picsum.photos/182/268/?image=175
904,Liaison deposit,1924,https://picsum.photos/182/268/?image=176
905,architect ROI,1962,https://picsum.photos/182/268/?image=983
906,olive Mountains,1922,https://picsum.photos/182/268/?image=696
907,Beauty invoice Yuan Renminbi,1920,https://picsum.photos/182/268/?image=449
908,Connecticut program optical,1980,https://picsum.photos/182/268/?image=85
909,Tunisia leverage,1969,https://picsum.photos/182/268/?image=35
910,tertiary Cotton,1935,https://picsum.photos/182/268/?image=968
911,deposit Buckinghamshire,1982,https://picsum.photos/182/268/?image=274
912,Armenian Dram Vietnam,1936,https://picsum.photos/182/268/?image=901
913,Avon,1924,https://picsum.photos/182/268/?image=416
914,parsing withdrawal Progressive,1928,https://picsum.photos/182/268/?image=569
915,Balanced Cross-platform Handcrafted Metal Pants,2004,https://picsum.photos/182/268/?image=501
916,implementation Springs Borders,1995,https://picsum.photos/182/268/?image=394
917,hard drive complexity,1948,https://picsum.photos/182/268/?image=127
918,Producer Trail,2018,https://picsum.photos/182/268/?image=433
919,Chief,1979,https://picsum.photos/182/268/?image=158
920,collaborative,1969,https://picsum.photos/182/268/?image=857
921,action-items sky blue,2003,https://picsum.photos/182/268/?image=457
922,JSON front-end,1933,https://picsum.photos/182/268/?image=140
923,transmit,1998,https://picsum.photos/182/268/?image=470
924,Triple-buffered Small Steel Sausages,1920,https://picsum.photos/182/268/?image=165
925,end-to-end redundant PNG,2011,https://picsum.photos/182/268/?image=665
926,Avon Bacon,2017,https://picsum.photos/182/268/?image=240
927,Clothing,1931,https://picsum.photos/182/268/?image=976
928,CSS,1965,https://picsum.photos/182/268/?image=396
929,definition American Samoa,1931,https://picsum.photos/182/268/?image=112
930,Palestinian Territory,1928,https://picsum.photos/182/268/?image=554
931,platforms port,1927,https://picsum.photos/182/268/?image=169
932,Phased,1995,https://picsum.photos/182/268/?image=33
933,Grove Tasty Cotton Computer,1988,https://picsum.photos/182/268/?image=407
934,moratorium Technician Direct,1932,https://picsum.photos/182/268/?image=525
935,Berkshire Hawaii bypass,1962,https://picsum.photos/182/268/?image=387
936,Bolivar Fuerte Concrete,2019,https://picsum.photos/182/268/?image=63
937,silver,1982,https://picsum.photos/182/268/?image=758
938,Concrete neural,1988,https://picsum.photos/182/268/?image=250
939,Cotton,1947,https://picsum.photos/182/268/?image=569
940,bypass Supervisor Gorgeous,1940,https://picsum.photos/182/268/?image=459
941,metrics,1954,https://picsum.photos/182/268/?image=803
942,Borders,1936,https://picsum.photos/182/268/?image=28
943,frictionless service-desk Tools,2008,https://picsum.photos/182/268/?image=398
944,Buckinghamshire Rustic Rubber Computer,1946,https://picsum.photos/182/268/?image=943
945,Architect Berkshire program,2016,https://picsum.photos/182/268/?image=490
946,e-business,2008,https://picsum.photos/182/268/?image=700
947,Savings Account,1960,https://picsum.photos/182/268/?image=805
948,architectures,1983,https://picsum.photos/182/268/?image=778
949,task-force,1958,https://picsum.photos/182/268/?image=312
950,Investment Account Chips intranet,1995,https://picsum.photos/182/268/?image=144
951,Rubber solid state overriding,1923,https://picsum.photos/182/268/?image=80
952,program overriding infrastructures,1975,https://picsum.photos/182/268/?image=590
953,digital SSL Metal,2016,https://picsum.photos/182/268/?image=668
954,Rustic Chief bus,1993,https://picsum.photos/182/268/?image=223
955,Money Market Account integrate Lebanese Pound,1993,https://picsum.photos/182/268/?image=679
956,Fresh sensor Minnesota,1944,https://picsum.photos/182/268/?image=971
957,moderator global,1990,https://picsum.photos/182/268/?image=197
958,Corner,2018,https://picsum.photos/182/268/?image=723
959,Berkshire Garden,1939,https://picsum.photos/182/268/?image=169
960,turquoise multi-byte SSL,1990,https://picsum.photos/182/268/?image=820
961,e-services Florida,1990,https://picsum.photos/182/268/?image=879
962,index Ports Fantastic,1923,https://picsum.photos/182/268/?image=912
963,innovative,1991,https://picsum.photos/182/268/?image=430
964,port,1955,https://picsum.photos/182/268/?image=517
965,navigating Engineer,1968,https://picsum.photos/182/268/?image=408
966,bluetooth navigate,2012,https://picsum.photos/182/268/?image=943
967,Personal Loan Account,1970,https://picsum.photos/182/268/?image=464
968,contextually-based synthesizing,1928,https://picsum.photos/182/268/?image=384
969,transition Licensed Frozen Bike South Dakota,1944,https://picsum.photos/182/268/?image=965
970,digital salmon Buckinghamshire,1998,https://picsum.photos/182/268/?image=297
971,Unbranded value-added Ethiopian Birr,1960,https://picsum.photos/182/268/?image=215
972,Auto Loan Account New Hampshire User-centric,1954,https://picsum.photos/182/268/?image=643
973,parsing,1986,https://picsum.photos/182/268/?image=208
974,mobile Iowa,1975,https://picsum.photos/182/268/?image=323
975,Global,1989,https://picsum.photos/182/268/?image=554
976,Malagasy Ariary human-resource Denar,1949,https://picsum.photos/182/268/?image=477
977,modular cyan hacking,1949,https://picsum.photos/182/268/?image=770
978,invoice Centralized,1946,https://picsum.photos/182/268/?image=534
979,teal,2008,https://picsum.photos/182/268/?image=450
980,panel Small,1966,https://picsum.photos/182/268/?image=680
981,Global Dominican Peso,1986,https://picsum.photos/182/268/?image=515
982,Money Market Account,2008,https://picsum.photos/182/268/?image=210
983,Handcrafted Wooden Chair,2015,https://picsum.photos/182/268/?image=657
984,violet users,1986,https://picsum.photos/182/268/?image=328
985,Nakfa,2008,https://picsum.photos/182/268/?image=736
986,Personal Loan Account,1985,https://picsum.photos/182/268/?image=127
987,24/7 Car,1979,https://picsum.photos/182/268/?image=66
988,Facilitator,1955,https://picsum.photos/182/268/?image=465
989,District Gorgeous Metal Ball,1951,https://picsum.photos/182/268/?image=143
990,driver,1987,https://picsum.photos/182/268/?image=313
991,generating Concrete,1955,https://picsum.photos/182/268/?image=886
992,Division Hat Mississippi,1951,https://picsum.photos/182/268/?image=303
993,Streamlined Handcrafted Concrete Shoes Gardens,2012,https://picsum.photos/182/268/?image=878
994,Licensed sky blue,1946,https://picsum.photos/182/268/?image=55
995,Auto Loan Account architect Security,1996,https://picsum.photos/182/268/?image=39
996,enhance full-range,1988,https://picsum.photos/182/268/?image=939
997,Botswana target,1951,https://picsum.photos/182/268/?image=841
998,Berkshire microchip,1933,https://picsum.photos/182/268/?image=548
999,PNG,1973,https://picsum.photos/182/268/?image=591
1000,Accounts Sleek,1931,https://picsum.photos/182/268/?image=16
